class_name,n_instances,theta,m
email,700,33.64485981,0
chat,800,38.45126836,0
streaming,580,27.87716956,0
file_transfer,1000,48.06408545,0
voip,1200,57.67690254,0
p2p,600,28.83845127,0
vpn_email,200,9.612817089,0
vpn_chat,640,30.76101469,0
vpn_streaming,400,19.22563418,0
vpn_file_transfer,450,21.62883845,0
vpn_voip,620,29.79973298,0
vpn_p2p,300,14.41922563,0
